source,title,company,location,salary,tags,link,posted_at,score,author,age
Remote OK,Handyperson,WMJobs,"Shrewsbury, ",Not specified,"education, customer support, speech, scheme, exec, ops, recruiter, infosec, dev, sys admin, medical, digital nomad",https://remoteOK.com/remote-jobs/remote-handyperson-wmjobs-1134835,2026-07-14T03:40:20+00:00,,,
Remote OK,Motion Designer,Pragmatike,,Not specified,"customer support, exec, ops, medical, writer, content writing, junior, design, travel, video, senior, marketing, ads, full time, digital nomad, designer",https://remoteOK.com/remote-jobs/remote-motion-designer-pragmatike-1134793,2026-07-14T03:08:25+00:00,,,
Remote OK,Junior Content Writer,SupportYourApp,,Not specified,"customer support, exec, ops, medical, writer, content writing, junior",https://remoteOK.com/remote-jobs/remote-junior-content-writer-supportyourapp-1134790,2026-07-14T03:03:00+00:00,,,
Remote OK,Data Entry Clerk Data Entry Specialist,Burjline Builders,"New York, New York, New York, United States",Not specified,"analyst, design, sys admin, architecture, technical, recruiter, testing, finance, api, exec, ops, full time, digital nomad, hr, data entry, dev, marketing, microsoft",https://remoteOK.com/remote-jobs/remote-data-entry-clerk-data-entry-specialist-burjline-builders-1134805,2026-07-14T02:18:39+00:00,,,
Remote OK,Online Tutoring Jobs Teaching Vacancy,GCE-ACADEMY,"Karachi Division, ",Not specified,"teaching, testing, english teacher, non tech",https://remoteOK.com/remote-jobs/remote-online-tutoring-jobs-teaching-vacancy-gce-academy-1134814,2026-07-14T01:13:51+00:00,,,
Remote OK,Create Your Own,Vitalize,"San Francisco, ",Not specified,"hr, sys admin, customer support, ops, excel, medical, non tech",https://remoteOK.com/remote-jobs/remote-create-your-own-vitalize-1134801,2026-07-14T01:11:07+00:00,,,
Remote OK,AtenciÃ³n a Clientes Remoto,Siigo,"BogotÃ¡, BogotÃ¡, Distrito Capital, Colombia",Not specified,exec,https://remoteOK.com/remote-jobs/remote-atencion-a-clientes-remoto-siigo-1134838,2026-07-13T23:46:48+00:00,,,
Remote OK,Analista de LogÃ­stica,Universia Argentina,Buenos Aires y alrededores,Not specified,,https://remoteOK.com/remote-jobs/remote-analista-de-logistica-universia-argentina-1134837,2026-07-13T23:36:49+00:00,,,
Remote OK,Supply Chain Systems Analyst,Wing,"Palo Alto, Palo Alto, California, United States",Not specified,"analyst, design, sys admin, architecture, technical, recruiter, testing, finance, api, exec, ops, full time, digital nomad",https://remoteOK.com/remote-jobs/remote-supply-chain-systems-analyst-wing-1134803,2026-07-13T21:02:42+00:00,,,
Remote OK,Caretaker,Equans UK &amp; Ireland,"Newcastle, ",Not specified,"education, customer support, speech, scheme, exec, ops, recruiter, infosec",https://remoteOK.com/remote-jobs/remote-caretaker-equans-uk-amp-ireland-1134833,2026-07-13T20:56:06+00:00,,,
Remote OK,Caretaker City Buildings,Jobs in Council,"Kalgoorlie, ",Not specified,"education, customer support, medical, non tech",https://remoteOK.com/remote-jobs/remote-caretaker-city-buildings-jobs-in-council-1134796,2026-07-13T20:30:11+00:00,,,
Remote OK,Head of Creative Studio &amp; Brand Operations YOUNG,YOUNG,"Comunidad Valenciana / Comunitat Valenciana, Comunidad Valenciana / Comunitat Valenciana, EspaÃ±a",Not specified,"customer support, exec, ops, medical, writer, content writing, junior, design, travel, video, senior, marketing, ads, full time, digital nomad",https://remoteOK.com/remote-jobs/remote-head-of-creative-studio-amp-brand-operations-young-young-1134791,2026-07-13T20:27:54+00:00,,,
Remote OK,HOH,Velvet Taco,"Richardson, ",Not specified,"exec, marketing",https://remoteOK.com/remote-jobs/remote-hoh-velvet-taco-1134782,2026-07-13T18:21:52+00:00,,,
Remote OK,Apply for our future openings,Baltic Assist,"Vilnius, Vilnius, Vilniaus, Lithuania",Not specified,"customer support, dev, education, finance, ops, marketing, non tech, digital nomad",https://remoteOK.com/remote-jobs/remote-apply-for-our-future-openings-baltic-assist-1134822,2026-07-13T18:11:40+00:00,,,
Remote OK,Hiring Operations Team Member BBG etc,BBG etc.,"Hamilton city, ",Not specified,"hr, education, customer support, dev, testing, assembly, mobile, exec, ops, sales, digital nomad",https://remoteOK.com/remote-jobs/remote-hiring-operations-team-member-bbg-etc-bbg-etc-1134781,2026-07-13T18:11:20+00:00,,,
Remote OK,Client Success Manager NYC Fully,The Reed Corporation,"NYC, ",Not specified,"coordinator, ops, exec, social media, sys admin, education, technical, customer support, medical, analyst, microsoft, data science, excel, design, front end, designer, marketing, web dev, css, html, mobile, digital nomad",https://remoteOK.com/remote-jobs/remote-client-success-manager-nyc-fully-the-reed-corporation-1134779,2026-07-13T17:12:34+00:00,,,
Remote OK,Director of Social Media,TruHeight Vitamins,"Los Angeles, ",Not specified,"coordinator, ops, exec, social media",https://remoteOK.com/remote-jobs/remote-director-of-social-media-truheight-vitamins-1134775,2026-07-13T17:09:50+00:00,,,
Remote OK,Instructional Operations Coordinator,MasteryPrep,"Remote, ",Not specified,"coordinator, ops",https://remoteOK.com/remote-jobs/remote-instructional-operations-coordinator-masteryprep-1134774,2026-07-13T17:07:22+00:00,,,
Remote OK,Pool Technician,Four Seasons,"West End Village, ",Not specified,"controller, education, technical, customer support, testing, exec, microsoft, ops, engineer, infosec, legal, travel, medical",https://remoteOK.com/remote-jobs/remote-pool-technician-four-seasons-1134787,2026-07-13T16:54:19+00:00,,,
Remote OK,Product Manager AI,YipitData,US Remote,Not specified,"product manager, exec, dev, finance, cloud, stats, ecommerce, digital nomad",https://remoteOK.com/remote-jobs/remote-product-manager-ai-yipitdata-1134770,2026-07-13T16:00:32+00:00,,,
Remote OK,Podcaster and Content Creator Psychology Today,Psychology Today,"New York, New York, New York, United States",Not specified,"analyst, design, sys admin, architecture, technical, recruiter, testing, finance, api, exec, ops, full time, digital nomad, hr, data entry, dev, marketing, microsoft, education, customer support, medical, travel, accounting, virtual assistant, excel, seo, content writing",https://remoteOK.com/remote-jobs/remote-podcaster-and-content-creator-psychology-today-psychology-today-1134808,2026-07-13T14:50:31+00:00,,,
Remote OK,Procurement Officer,Gale's Agro Products,"Six Cross Roads, ",Not specified,"supervisor, dev, exec, sales, digital nomad",https://remoteOK.com/remote-jobs/remote-procurement-officer-gales-agro-products-1134769,2026-07-13T13:57:19+00:00,,,
Remote OK,Clases de Refuerzo Primaria Media Jornada,Tusclasesparticulares,"Madrid, ",Not specified,"customer support, exec, ops, medical, writer, content writing, junior, design, travel, video, senior, marketing, ads, full time, digital nomad",https://remoteOK.com/remote-jobs/remote-clases-de-refuerzo-primaria-media-jornada-tusclasesparticulares-1134792,2026-07-13T13:49:13+00:00,,,
Remote OK,Dental Nurse,Torbay and South Devon NHS Foundation Trust,"Torquay, ",Not specified,"customer support, exec, ops, medical",https://remoteOK.com/remote-jobs/remote-dental-nurse-torbay-and-south-devon-nhs-foundation-trust-1134789,2026-07-13T12:55:53+00:00,,,
Remote OK,Ø§ÙØ¹ÙÙ ÙÙ Ø§ÙÙÙØ²Ù ÙÙ Ø§ÙØ±ÙÙØ§ 20 ÙØ¸ÙÙØ© Ø§ÙØ§ÙØ«Ø± Ø·ÙØ¨Ø,Q8YUSA,"Ø§ÙÙÙØ²Ù, ",Not specified,,https://remoteOK.com/remote-jobs/,2026-07-13T09:36:34+00:00,,,
Remote OK,Data Analyst Excel,JobsInMass.com,"Boston, ",Not specified,"coordinator, ops, exec, social media, sys admin, education, technical, customer support, medical, analyst, microsoft, data science, excel",https://remoteOK.com/remote-jobs/remote-data-analyst-excel-jobsinmass-com-1134777,2026-07-13T08:40:47+00:00,,,
Remote OK,Clases de Refuerzo Primaria Media Jornada,TUS Media,"Madrid, Madrid, Comunidad de Madrid, EspaÃ±a",Not specified,,https://remoteOK.com/remote-jobs/remote-clases-de-refuerzo-primaria-media-jornada-tus-media-1134788,2026-07-13T08:39:19+00:00,,,
Remote OK,Metro,JARMANI LIMITED,"Delhi, ",Not specified,,https://remoteOK.com/remote-jobs/remote-metro-jarmani-limited-1134798,2026-07-13T07:24:02+00:00,,,
Remote OK,Director of Operations,Confidential Careers,"London Area, London Area, United Kingdom",Not specified,"exec, customer support, marketing, travel, finance, senior, ops, medical",https://remoteOK.com/remote-jobs/remote-director-of-operations-confidential-careers-1134844,2026-07-13T06:47:18+00:00,,,
Remote OK,Data Analyst Healthcare,City of Hope,"United States, ",Not specified,"analyst, data science, medical",https://remoteOK.com/remote-jobs/remote-data-analyst-healthcare-city-of-hope-1134759,2026-07-13T06:07:18+00:00,,,
Remote OK,Virtual Executive Assistant,ReLytics Hires,"Alberta, Alberta, Canada",Not specified,"virtual assistant, education, customer support, marketing, travel, exec, ops",https://remoteOK.com/remote-jobs/remote-virtual-executive-assistant-relytics-hires-1134768,2026-07-13T05:28:58+00:00,,,
Remote OK,Administrative Data Entry File Clerk,ReLytics Hires,"Alberta, Alberta, Canada",Not specified,"virtual assistant, education, customer support, marketing, video, microsoft, exec, ops, excel, data entry, jira, hr, finance, cloud, admin, legal, sys admin",https://remoteOK.com/remote-jobs/remote-administrative-data-entry-file-clerk-relytics-hires-1134761,2026-07-13T05:28:43+00:00,,,
Remote OK,Entry Level Administrative Assistant,ReLytics Hires,"Alberta, Alberta, Canada",Not specified,"virtual assistant, education, customer support, marketing, video, microsoft, exec, ops, excel",https://remoteOK.com/remote-jobs/remote-entry-level-administrative-assistant-relytics-hires-1134760,2026-07-13T05:28:19+00:00,,,
Remote OK,Data Entry Specialist Assistant Administrator,ReLytics Hires,"Hong Kong, Hong Kong, Hong Kong SAR",Not specified,"design, teaching, education, math, digital nomad, data entry, virtual assistant, customer support, marketing, admin, microsoft, exec, ops, excel",https://remoteOK.com/remote-jobs/remote-data-entry-specialist-assistant-administrator-relytics-hires-1134772,2026-07-13T05:26:29+00:00,,,
Remote OK,Customer Service Chat Representative,CareStream Advisory Group,"United States, ",Not specified,"data entry, medical, education, testing, linguistics, quality assurance, content writing, sys admin",https://remoteOK.com/remote-jobs/remote-customer-service-chat-representative-carestream-advisory-group-1134757,2026-07-13T05:11:09+00:00,,,
Remote OK,Data Entry Clerk,RemoteHunter,"United States, ",Not specified,"data entry, medical",https://remoteOK.com/remote-jobs/remote-data-entry-clerk-remotehunter-1134755,2026-07-13T05:07:11+00:00,,,
Remote OK,Customer Support,ReLytics Hires,"Ø§ÙÙØ¯ÙÙØ©, Ø§ÙÙØ¯ÙÙØ© Ø§ÙÙØ¯ÙÙØ© Ø§ÙØ³Ø¹ÙØ¯ÙØ©",Not specified,"design, vfx, designer, technical, education, digital nomad, exec, content writing, social media, virtual assistant, customer support, dev, ops, copywriting, video, seo, marketing, sys admin",https://remoteOK.com/remote-jobs/remote-customer-support-relytics-hires-1134767,2026-07-13T05:03:39+00:00,,,
Remote OK,Business Analyst,InterEx Group,,Not specified,analyst,https://remoteOK.com/remote-jobs/remote-business-analyst-interex-group-1134750,2026-07-13T01:07:01+00:00,,,
Remote OK,Vehicle Imager,Charles Trent Ltd,"Poole, ",Not specified,"education, customer support, speech, scheme, exec, ops, recruiter, infosec, dev, sys admin, medical, digital nomad",https://remoteOK.com/remote-jobs/remote-vehicle-imager-charles-trent-ltd-1134834,2026-07-13T00:00:00+00:00,,,
Remote OK,Executive Management,Netball America,"Roorkee, ",Not specified,"teaching, exec",https://remoteOK.com/remote-jobs/remote-executive-management-netball-america-1134752,2026-07-12T22:13:04+00:00,,,
Remote OK,Auxiliar Administrativo Comercial Remoto,Empresa Confidencial,"Bahia, ",Not specified,,https://remoteOK.com/remote-jobs/remote-auxiliar-administrativo-comercial-remoto-empresa-confidencial-1134744,2026-07-12T18:02:45+00:00,,,
Remote OK,The Role,Artefacts / Asteria ART,"Indiana, ",Not specified,"exec, strategy, customer support, testing, content writing, marketing, medical, social media, video, finance, photoshop, design, python, vfx, education, game dev, dev, c, c plus plus, cloud, robotics, engineer, digital nomad",https://remoteOK.com/remote-jobs/remote-the-role-artefacts-asteria-art-1134748,2026-07-12T16:09:13+00:00,,,
Remote OK,Customer Service Chat Representative,Orchestrate Consulting Group,,Not specified,"c, music, game dev, dev, video, content writing, ops, marketing, internship, non tech, digital nomad, design, teaching, education, designer, technical, web dev, mobile, photoshop, illustrator, data entry, customer support, microsoft, exec, medical, consulting",https://remoteOK.com/remote-jobs/remote-customer-service-chat-representative-orchestrate-consulting-group-1134737,2026-07-12T16:02:27+00:00,,,
Remote OK,Architectural Drafter Designer,DevHub,"Miami, ",Not specified,"data entry, medical, education, testing, linguistics, quality assurance, content writing, sys admin, design, designer, technical, dev, engineer, digital nomad",https://remoteOK.com/remote-jobs/remote-architectural-drafter-designer-devhub-1134758,2026-07-12T15:43:10+00:00,,,
Remote OK,Freelance Background Artist for YouTube Studio,DevHub,"Austin, ",Not specified,"exec, strategy, customer support, testing, content writing, marketing, medical, social media, video, finance, photoshop",https://remoteOK.com/remote-jobs/remote-freelance-background-artist-for-youtube-studio-devhub-1134747,2026-07-12T15:42:31+00:00,,,
Remote OK,Data Entry Typist,DevHub,"California, ",Not specified,"c, music, game dev, dev, video, content writing, ops, marketing, internship, non tech, digital nomad, design, teaching, education, designer, technical, web dev, mobile, photoshop, illustrator, data entry, customer support, microsoft, exec, medical",https://remoteOK.com/remote-jobs/remote-data-entry-typist-devhub-1134736,2026-07-12T15:41:16+00:00,,,
Remote OK,Brand Executive,Brand Organic,"United Kingdom, ",Not specified,exec,https://remoteOK.com/remote-jobs/remote-brand-executive-brand-organic-1134730,2026-07-12T12:02:26+00:00,,,
Remote OK,Social Media & Marketing Virtual Assistant,Outsource Access Careers,,Not specified,"virtual assistant, marketing, social media, non tech",https://remoteOK.com/remote-jobs/remote-social-media-marketing-virtual-assistant-outsource-access-careers-1134728,2026-07-12T11:02:51+00:00,,,
Remote OK,O&amp;M,Kirloskar Solar Technologies Pvt Ltd,"Regional Municipality of Peel, ",Not specified,,https://remoteOK.com/remote-jobs/remote-oampm-kirloskar-solar-technologies-pvt-ltd-1134745,2026-07-12T10:16:19+00:00,,,
Remote OK,Vacancy Development,Unicor Pharmatech LLP,"Kutch district, ",Not specified,,https://remoteOK.com/remote-jobs/remote-vacancy-development-unicor-pharmatech-llp-1134727,2026-07-12T09:29:02+00:00,,,
Remote OK,Inbound Sales Closer,Express Chipping Inc,,Not specified,"salesforce, customer support, marketing, web dev, ads, exec, legal, sales, sys admin, medical, full time",https://remoteOK.com/remote-jobs/remote-inbound-sales-closer-express-chipping-inc-1134726,2026-07-12T08:00:03+00:00,,,
Remote OK,English Language Expert,JobsInMass.com,"Boston, ",Not specified,"data entry, medical, education, testing, linguistics, quality assurance, content writing, sys admin",https://remoteOK.com/remote-jobs/remote-english-language-expert-jobsinmass-com-1134756,2026-07-12T04:21:49+00:00,,,
Remote OK,Customer Service Product Support $25 $45 per hour,JobsInMass.com,"Chelsea, ",Not specified,"coordinator, ops, exec, social media, sys admin, education, technical, customer support, medical",https://remoteOK.com/remote-jobs/remote-customer-service-product-support-25-45-per-hour-jobsinmass-com-1134776,2026-07-12T04:20:49+00:00,,,
Remote OK,Apply Here,Conquer AI,,Not specified,,https://remoteOK.com/remote-jobs/remote-apply-here-conquer-ai-1134722,2026-07-12T04:05:43+00:00,,,
Remote OK,Interior Design Assistant (Revit and 3Ds Max,RemoteVA,"Manila, Manila, National Capital Region, Philippines",Not specified,"teaching, testing, english teacher, non tech, design, virtual assistant, vfx, technical, customer support, education, digital nomad",https://remoteOK.com/remote-jobs/remote-interior-design-assistant-revit-and-3ds-max-remoteva-1134815,2026-07-12T02:21:53+00:00,,,
Remote OK,Virtual Assistant,RemoteVA,"Manila, Manila, National Capital Region, Philippines",Not specified,"design, vfx, designer, technical, education, digital nomad, exec, content writing, social media, virtual assistant, customer support, dev, ops",https://remoteOK.com/remote-jobs/remote-virtual-assistant-remoteva-1134765,2026-07-12T02:19:36+00:00,,,
Remote OK,HR Assistant,RemoteVA,"National Capital Region, National Capital Region, Philippines",Not specified,"virtual assistant, marketing, social media, non tech, hr, customer support, dev, medical, digital nomad",https://remoteOK.com/remote-jobs/remote-hr-assistant-remoteva-1134729,2026-07-12T02:19:35+00:00,,,
Remote OK,Architectural Designer,RemoteVA,"Manila, Manila, National Capital Region, Philippines",Not specified,"design, vfx, designer, technical, education, digital nomad",https://remoteOK.com/remote-jobs/remote-architectural-designer-remoteva-1134763,2026-07-12T02:18:29+00:00,,,
Remote OK,Interface Designer,Grow the Roses,"Only, ",Not specified,"c, music, game dev, dev, video, content writing, ops, marketing, internship, non tech, digital nomad, design, teaching, education, designer, technical, web dev, mobile, photoshop, illustrator, data entry, customer support, microsoft, exec, medical, consulting, saas, sys admin, cloud, sales, engineer, recruiter, strategy, ads, analyst, accounting, finance, legal, travel, speech, admin, front end, css, html",https://remoteOK.com/remote-jobs/remote-interface-designer-grow-the-roses-1134742,2026-07-12T01:29:42+00:00,,,
Remote OK,General Applicant Position,Hunt Remotely,"Jobs Hill, ",Not specified,"dev, digital nomad",https://remoteOK.com/remote-jobs/remote-general-applicant-position-hunt-remotely-1134720,2026-07-11T22:52:07+00:00,,,
Remote OK,Healthcare Intake Coordinator Alberta,Carewell,"Alberta, ",Not specified,"content writing, social media, non tech, teaching, customer support, education, marketing, strategy, full time, coordinator, medical",https://remoteOK.com/remote-jobs/remote-healthcare-intake-coordinator-alberta-carewell-1134719,2026-07-11T21:03:37+00:00,,,
Remote OK,Creative Strategist,JTS Growth,,Not specified,"content writing, social media, non tech, teaching, customer support, education, marketing, strategy, full time",https://remoteOK.com/remote-jobs/remote-creative-strategist-jts-growth-1134718,2026-07-11T21:03:18+00:00,,,
Remote OK,Social Media Content Creator,Classet,,Not specified,"content writing, social media, non tech",https://remoteOK.com/remote-jobs/remote-social-media-content-creator-classet-1134716,2026-07-11T21:02:30+00:00,,,
Remote OK,UX UI Designer,Palerto Studio,"Washington County, ",Not specified,"coordinator, ops, exec, social media, sys admin, education, technical, customer support, medical, analyst, microsoft, data science, excel, design, front end, designer, marketing, web dev, css, html, mobile, digital nomad, wordpress, content writing, golang, full time",https://remoteOK.com/remote-jobs/remote-ux-ui-designer-palerto-studio-1134780,2026-07-11T21:00:17+00:00,,,
Remote OK,Video Editor Off Season,Atlanta Gladiators,"Duluth, ",Not specified,"c, music, game dev, dev, video, content writing, ops, marketing, internship, non tech, digital nomad",https://remoteOK.com/remote-jobs/remote-video-editor-off-season-atlanta-gladiators-1134734,2026-07-11T19:24:28+00:00,,,
Remote OK,The Hiring Process,BFC Aerospace,"Hunterganj, ",Not specified,"design, digital nomad, testing",https://remoteOK.com/remote-jobs/remote-the-hiring-process-bfc-aerospace-1134724,2026-07-11T19:18:53+00:00,,,
Remote OK,Online Language Tutors,Martin Language School,,Not specified,"designer, video, non tech, strategy, content writing, teaching",https://remoteOK.com/remote-jobs/remote-online-language-tutors-martin-language-school-1134715,2026-07-11T19:09:39+00:00,,,
Remote OK,Content Strategist,Content Forge,"United Kingdom, ",Not specified,"designer, video, non tech, strategy, content writing",https://remoteOK.com/remote-jobs/remote-content-strategist-content-forge-1134714,2026-07-11T19:08:14+00:00,,,
Remote OK,Podcast Video Editor,Hyprwork,"Romania, ",Not specified,"designer, video, non tech",https://remoteOK.com/remote-jobs/remote-podcast-video-editor-hyprwork-1134713,2026-07-11T19:06:46+00:00,,,
Remote OK,Graphic Designer,Huzzle,"Bulgaria, ",Not specified,designer,https://remoteOK.com/remote-jobs/remote-graphic-designer-huzzle-1134712,2026-07-11T19:05:54+00:00,,,
Remote OK,City Launch Hero,Keepiz,"Merton, ",Not specified,"education, customer support, speech, scheme, exec, ops, recruiter, infosec",https://remoteOK.com/remote-jobs/remote-city-launch-hero-keepiz-1134832,2026-07-11T17:56:41+00:00,,,
Remote OK,Heading,UX/UI Design K7 Tech,"Kanke, ",Not specified,"design, digital nomad",https://remoteOK.com/remote-jobs/remote-heading-ux-ui-design-k7-tech-1134723,2026-07-11T16:20:00+00:00,,,
Remote OK,CRM & Lifecycle Manager,Joko,Paris,$43k - $69k,"exec, design, sys admin, teaching, technical, testing, marketing, dev, virtual assistant, quality assurance, mobile, ops, engineer, full time, digital nomad",https://remoteOK.com/remote-jobs/remote-crm-lifecycle-manager-joko-1134710,2026-07-11T16:00:02+00:00,,,
Remote OK,Junior Web Designer,Hunt Remotely,"Manchester, ",Not specified,"exec, infosec, customer support, marketing, travel, accounting, finance, education, senior, ops, legal, sales, web dev, design, consulting, designer, dev, junior, digital nomad",https://remoteOK.com/remote-jobs/remote-junior-web-designer-hunt-remotely-1134732,2026-07-11T15:16:57+00:00,,,
Remote OK,Graduate Data Scientist,Work Force Nexus,"Australia, ",Not specified,data science,https://remoteOK.com/remote-jobs/remote-graduate-data-scientist-work-force-nexus-1134707,2026-07-11T14:00:47+00:00,,,
Remote OK,Atendente Relacionamento Ouvidoria,Vivo (TelefÃ´nica Brasil),"Fortaleza, ",Not specified,,https://remoteOK.com/remote-jobs/remote-atendente-relacionamento-ouvidoria-vivo-telefonica-brasil-1134706,2026-07-11T12:00:18+00:00,,,
Remote OK,Recepcionista Jr Bela Vista SP,Grupo Amil,"Bela Vista, Bela Vista, SÃ£o Paulo, Brasil",Not specified,c,https://remoteOK.com/remote-jobs/remote-recepcionista-jr-bela-vista-sp-grupo-amil-1134704,2026-07-11T08:04:49+00:00,,,
Remote OK,General Consideration Upload Your Resume Here,ATCS Inc.,"Newport News, ",Not specified,"exec, marketing, consulting, engineer",https://remoteOK.com/remote-jobs/remote-general-consideration-upload-your-resume-here-atcs-inc-1134783,2026-07-11T07:18:11+00:00,,,
Remote OK,Brad Phillips,MILTON FIRE DEPARTMENT INC,"Milton, ",Not specified,"dev, digital nomad, full time, part time",https://remoteOK.com/remote-jobs/remote-brad-phillips-milton-fire-department-inc-1134702,2026-07-11T04:57:22+00:00,,,
Remote OK,Online Birth Certificate,Ajebask,"Washington, ",Not specified,c,https://remoteOK.com/remote-jobs/remote-online-birth-certificate-ajebask-1134733,2026-07-11T04:19:12+00:00,,,
Remote OK,You,DQC | Data Quality Company,"Wideopen, ",Not specified,"dev, digital nomad",https://remoteOK.com/remote-jobs/remote-you-dqc-data-quality-company-1134701,2026-07-11T02:21:56+00:00,,,
Remote OK,Italian Voice Over Artist Turin,OpsArmy Careers,"Torino, Torino, Piemonte, Italia",Not specified,"customer support, exec, ops, medical, writer, content writing, junior, design, travel, video, senior, marketing, ads, full time, digital nomad, designer, speech, dev",https://remoteOK.com/remote-jobs/remote-italian-voice-over-artist-turin-opsarmy-careers-1134794,2026-07-11T02:18:23+00:00,,,
Remote OK,DPS Employee II,Paw Paw Police Dept,"Uluberia-II, ",Not specified,,https://remoteOK.com/remote-jobs/remote-dps-employee-ii-paw-paw-police-dept-1134697,2026-07-11T01:29:23+00:00,,,
Remote OK,Assistente de Gente e Cultura JÃºnior,JOYn Group,"Blumenau, Blumenau, Santa Catarina, Brasil",Not specified,"marketing, excel, non tech",https://remoteOK.com/remote-jobs/remote-assistente-de-gente-e-cultura-junior-joyn-group-1134711,2026-07-11T01:03:13+00:00,,,
Remote OK,Driver,Urban Movers,"Melbourne, ",Not specified,,https://remoteOK.com/remote-jobs/remote-driver-urban-movers-1134721,2026-07-10T23:16:25+00:00,,,
Remote OK,Analista de AtraÃ§Ã£o e SeleÃ§Ã£o TemporÃ¡rio,Lojas Renner S.A.,"SÃ£o Paulo, ",Not specified,,https://remoteOK.com/remote-jobs/remote-analista-de-atracao-e-selecao-temporario-lojas-renner-s-a-1134703,2026-07-10T22:44:01+00:00,,,
Remote OK,Social Media Coordinator,Digital Style House,"Los Angeles County, Los Angeles County, California, United States",Not specified,"c, music, game dev, dev, video, content writing, ops, marketing, internship, non tech, digital nomad, design, teaching, education, designer, technical, web dev, mobile, photoshop, illustrator, data entry, customer support, microsoft, exec, medical, consulting, saas, sys admin, cloud, sales, engineer, recruiter, strategy, ads, analyst, accounting, finance, legal, travel, speech, admin, front end, css, html, coordinator, stats, social media, ecommerce, full time",https://remoteOK.com/remote-jobs/remote-social-media-coordinator-digital-style-house-1134743,2026-07-10T22:39:55+00:00,,,
Remote OK,and Academic Specialist All Subjects,Sinica Education,"Greater Toronto Area, Greater Toronto Area, Canada",Not specified,"content writing, social media, non tech, teaching, customer support, education",https://remoteOK.com/remote-jobs/remote-and-academic-specialist-all-subjects-sinica-education-1134717,2026-07-10T19:59:06+00:00,,,
Remote OK,Director of Customer Success,INNERGY,"Austin, Austin, Texas, United States",Not specified,"c, music, game dev, dev, video, content writing, ops, marketing, internship, non tech, digital nomad, design, teaching, education, designer, technical, web dev, mobile, photoshop, illustrator, data entry, customer support, microsoft, exec, medical, consulting, saas, sys admin, cloud, sales, engineer, recruiter",https://remoteOK.com/remote-jobs/remote-director-of-customer-success-innergy-1134738,2026-07-10T19:36:18+00:00,,,
Remote OK,Illustrator,Zebomba Games,"Linn County, ",Not specified,"c, music, game dev, dev, video, content writing, ops, marketing, internship, non tech, digital nomad, design, teaching, education, designer, technical, web dev, mobile, photoshop, illustrator",https://remoteOK.com/remote-jobs/remote-illustrator-zebomba-games-1134735,2026-07-10T18:49:02+00:00,,,
Remote OK,Billing Specialist,DataBank,"Dallas, ",Not specified,"exec, strategy, customer support, testing, content writing, marketing, medical, social media, video, finance, photoshop, design, python, vfx, education, game dev, dev, c, c plus plus, cloud, robotics, engineer, digital nomad, supervisor, accounting, excel",https://remoteOK.com/remote-jobs/remote-billing-specialist-databank-1134749,2026-07-10T18:37:39+00:00,,,
Remote OK,Educational Programs Administrator,Lingraphica,"Princeton, Princeton, New Jersey, United States",Not specified,"c, music, game dev, dev, video, content writing, ops, marketing, internship, non tech, digital nomad, design, teaching, education, designer, technical, web dev, mobile, photoshop, illustrator, data entry, customer support, microsoft, exec, medical, consulting, saas, sys admin, cloud, sales, engineer, recruiter, strategy, ads, analyst, accounting, finance, legal, travel, speech, admin",https://remoteOK.com/remote-jobs/remote-educational-programs-administrator-lingraphica-1134741,2026-07-10T17:47:28+00:00,,,
Remote OK,Key Accounts Executive,Unilever,"Gurgaon, Gurgaon, Haryana, India",Not specified,"teaching, testing, english teacher, non tech, design, virtual assistant, vfx, technical, customer support, education, digital nomad, transcribing, speech, ops, medical, analyst, marketing, microsoft, exec, senior, excel, sys admin, sales, full time",https://remoteOK.com/remote-jobs/remote-key-accounts-executive-unilever-1134819,2026-07-10T15:40:35+00:00,,,
Remote OK,TUTOR MANIPULACIÃN EN CRUDO Y CONSERVACIÃN DE ALIMENTOS,Grupo Euroformac,"Madrid, Madrid, Comunidad de Madrid, EspaÃ±a",Not specified,"customer support, exec, ops, medical, writer, content writing, junior, design, travel, video, senior, marketing, ads, full time, digital nomad, designer, speech, dev, teaching",https://remoteOK.com/remote-jobs/remote-tutor-manipulacion-en-crudo-y-conservacion-de-alimentos-grupo-euroformac-1134795,2026-07-10T15:03:01+00:00,,,
Remote OK,ASSISTENTE ADMINISTRATIVO BARUERI SP,SGS,"Barueri, Barueri, SÃ£o Paulo, Brasil",Not specified,"c, excel, medical, non tech",https://remoteOK.com/remote-jobs/remote-assistente-administrativo-barueri-sp-sgs-1134705,2026-07-10T14:19:10+00:00,,,
Remote OK,Deputy Chief Executive Officer,TheHiveCareers,"Soto del Barco, Soto del Barco, Principado de Asturias, EspaÃ±a",Not specified,"exec, infosec, customer support, marketing, travel, accounting, finance, education, senior, ops, legal, sales",https://remoteOK.com/remote-jobs/remote-deputy-chief-executive-officer-thehivecareers-1134731,2026-07-10T14:18:43+00:00,,,
Remote OK,Director Social Media Marketing,Starface World,New York City Metropolitan Area,Not specified,"exec, strategy, customer support, testing, content writing, marketing, medical, social media",https://remoteOK.com/remote-jobs/remote-director-social-media-marketing-starface-world-1134746,2026-07-10T14:05:08+00:00,,,
Remote OK,Building Operator Level One,Fairmont Hotels &amp; Resorts,"Hamilton, ",Not specified,"education, marketing, finance, microsoft, exec, excel, technical, customer support, testing, dev, ops, medical, engineer, digital nomad",https://remoteOK.com/remote-jobs/remote-building-operator-level-one-fairmont-hotels-amp-resorts-1134828,2026-07-10T13:45:12+00:00,,,
Remote OK,Designer,Crevtus,"Indiana, ",Not specified,"c, music, game dev, dev, video, content writing, ops, marketing, internship, non tech, digital nomad, design, teaching, education, designer, technical, web dev, mobile, photoshop, illustrator, data entry, customer support, microsoft, exec, medical, consulting, saas, sys admin, cloud, sales, engineer, recruiter, strategy, ads",https://remoteOK.com/remote-jobs/remote-designer-crevtus-1134739,2026-07-10T12:36:54+00:00,,,
Remote OK,Resume Inbox,Mark Thomas,"California, ",Not specified,,https://remoteOK.com/remote-jobs/remote-resume-inbox-mark-thomas-1134682,2026-07-10T12:09:58+00:00,,,
HN,Jurassic Park computers in excruciating detail,,,,,https://fabiensanglard.net/jurrasic_park_computers/index.html,,273 points,vinhnx,3 hours ago
HN,Vancouver PD website features Quick Escape button that wipes itself from history,,,,,https://vpd.ca/,,228 points,LookAtThatBacon,6 hours ago
HN,TS-2026-009: Insecure argument handling in Tailscale SSH permitted root access,,,,,https://tailscale.com/security-bulletins,,118 points,jervant,5 hours ago
HN,Bonsai 27B: A 27B-Class model that runs on a phone,,,,,https://prismml.com/news/bonsai-27b,,538 points,xenova,13 hours ago
HN,Andon (manufacturing),,,,,https://en.wikipedia.org/wiki/Andon_(manufacturing),,30 points,tony,3 hours ago
HN,Dependabot version updates introduce default package cooldown,,,,,https://github.blog/changelog/2026-07-14-dependabot-version-updates-introduce-default-package-cooldown/,,157 points,woodruffw,9 hours ago
HN,The Tower Keeps Rising,,,,,https://lucumr.pocoo.org/2026/7/13/the-tower-keeps-rising/,,439 points,cdrnsf,13 hours ago
HN,Cursor 0day: When Full Disclosure Becomes the Only Protection Left,,,,,https://mindgard.ai/blog/cursor-0day-when-full-disclosure-becomes-the-only-protection-left,,322 points,Synthetic7346,12 hours ago
HN,Solving 20 Erdős Problems with 20 Codex Accounts Running in Parallel,,,,,https://www.starfleetmath.com/,,109 points,colin7snyder,6 hours ago
HN,Financing the AI boom: from cash flows to debt [pdf],,,,,https://www.bis.org/publ/bisbull120.pdf,,143 points,1vuio0pswjnm7,8 hours ago
HN,How I use HTMX with Go,,,,,https://www.alexedwards.net/blog/how-i-use-htmx-with-go,,196 points,gnabgib,11 hours ago
HN,Microsoft Patches a Record 570 Security Flaws,,,,,https://krebsonsecurity.com/2026/07/microsoft-patches-a-record-570-security-flaws/,,97 points,robin_reala,9 hours ago
HN,How to stop Claude from saying load-bearing,,,,,https://jola.dev/posts/how-to-stop-claude-from-saying-load-bearing,,504 points,shintoist,19 hours ago
HN,LinkedIn is a cesspool of scammers and identity theft,,,,,item?id=48916375,,36 points,lbpdev,2 hours ago
HN,"The bread paradox: why convenience always wins, and why SaaS isn't doomed",,,,,https://www.joanwestenberg.com/p/the-bread-paradox-why-convenience,,46 points,srijan4,5 hours ago
HN,I'm a USB-C Maximalist,,,,,https://shkspr.mobi/blog/2026/07/im-a-usb-c-maximalist/,,242 points,speckx,15 hours ago
HN,Mathematical texts from a Maya site in Guatemala identify an ancient astronomer,,,,,https://www.nature.com/articles/d41586-026-02170-8,,71 points,homarp,8 hours ago
HN,Data centers have hiked electricity prices on the public by $23B,,,,,https://fortune.com/2026/07/14/data-centers-23-billion-electricity-bills/,,167 points,measurablefunc,6 hours ago
HN,The kids with phones are alright,,,,,https://heatherburns.tech/2026/07/08/the-kids-with-phones-are-alright/,,186 points,JumpCrisscross,17 hours ago
HN,LeMario: Training a JEPA World Model on Super Mario Bros,,,,,https://www.benjamin-bai.com/projects/lemario,,81 points,kevinjosethomas,8 hours ago
HN,"The largest available Minecraft world, totalling 15 TB",,,,,https://2b2t.place/1million,,199 points,_____k,13 hours ago
HN,An unusual way for your DHCP server to run out of dynamic IPs,,,,,https://utcc.utoronto.ca/~cks/space/blog/sysadmin/DHCPServerAndScreamingHost,,60 points,speckx,7 hours ago
HN,Probably check on your smart appliances,,,,,https://xeiaso.net/notes/2026/check-your-smart-tv/,,57 points,xena,8 hours ago
HN,The Trade in Looted Antiquities Endures for One Reason: Demand,,,,,https://news.artnet.com/art-world/matt-campbell-cambodia-looted-antiquities-2779870,,13 points,derbOac,4 hours ago
HN,The zero-cost fallacy: open-source software in the agentic era,,,,,https://www.thoughtworks.com/insights/blog/open-source/zero-cost-fallacy-open-source-agentic-era,,143 points,backlit4034,14 hours ago
HN,The Estranged Worlds of J. G. Ballard,,,,,https://lareviewofbooks.org/article/jg-ballard-illuminated-man-christopher-priest-nina-allan/,,53 points,Caiero,9 hours ago
HN,"Show HN: Juggler – an open-source GUI coding agent, by the creator of JUCE",,,,,https://github.com/juggler-ai/juggler,,213 points,julesrms,17 hours ago
HN,Are we offloading too much of our thinking to AI?,,,,,https://www.artfish.ai/p/offloading-thinking-to-ai,,438 points,yenniejun111,15 hours ago
HN,Your 'app' could have been a webpage (so I fixed it for you),,,,,https://danq.me/2026/07/09/your-app-could-have-been-a-webpage/,,777 points,MrVandemar,21 hours ago
HN,Guardian Angels: LLM Personalization for Productivity and Security,,,,,https://gwern.net/guardian-angel,,81 points,andsoitis,11 hours ago
HN Jobs,Kontigo (YC S24) Is Hiring (Head of Security),,,,,https://www.ycombinator.com/companies/kontigo/jobs/uNttrlv-head-of-security,,,,13 hours ago
HN Jobs,SalesPatriot (YC W25) Is Hiring Full Stack Engineers (SF),,,,,https://jobs.ashbyhq.com/SalesPatriot/df223727-5781-433e-bc75-2aa5bf8dc8d7,,,,1 day ago
HN Jobs,PgDog (YC P25) Is Hiring a Founding Software Engineer,,,,,https://www.ycombinator.com/companies/pgdog/jobs/uWymUYy-founding-software-engineer,,,,1 day ago
HN Jobs,Sixtyfour (YC P25) Is Hiring,,,,,https://www.ycombinator.com/companies/sixtyfour/jobs/bIbgQkL-operations-associate-data-samples-customer-success,,,,3 days ago
HN Jobs,Moss (YC F25) Is Hiring,,,,,https://www.ycombinator.com/companies/moss/jobs/52LnqLQ-software-engineer-sdk,,,,4 days ago
HN Jobs,Laylo (YC S20) Is Hiring a Head of Finance,,,,,https://www.ycombinator.com/companies/laylo/jobs/qce41D2-head-of-finance,,,,4 days ago
HN Jobs,Wildcard (YC W25) Is Hiring a Founding Engineer,,,,,https://www.ycombinator.com/companies/wildcard/jobs/ZSLVaaU-founding-engineer,,,,5 days ago
HN Jobs,TrueBiz (YC S22) – Senior Software Engineer – Remote (US) – Full-Time,,,,,item?id=48844517,,,,5 days ago
HN Jobs,CollectWise (YC F24) Is Hiring,,,,,https://www.ycombinator.com/companies/collectwise/jobs/P646Yw6-founding-account-executive,,,,5 days ago
HN Jobs,"9 Mothers (YC P26) Is Hiring in Austin, TX",,,,,https://9mothers.com/careers,,,,7 days ago
HN Jobs,Lago (YC S21) Is Hiring for Our GTM Team,,,,,https://jobs.ashbyhq.com/lago,,,,7 days ago
HN Jobs,Stealth robotics startup (YC S26) is hiring principal engineers (Palo Alto),,,,,item?id=48806976,,,,8 days ago
HN Jobs,Infracost (YC W21) Is Hiring a Marketing Lead to Shift FinOps Left,,,,,https://www.ycombinator.com/companies/infracost/jobs/YTJcFwr-marketing-lead,,,,11 days ago
HN Jobs,Hazel (YC W24) Is Hiring for Our Largest Government Contract,,,,,https://www.ycombinator.com/companies/hazel-2/jobs/3epPWgu-full-stack-engineer-ts-sci,,,,12 days ago
HN Jobs,Proliferate (YC S25) Is Hiring,,,,,https://www.ycombinator.com/companies/proliferate/jobs/mMHvKR9-founding-product-engineer,,,,13 days ago
HN Jobs,Manufact (YC S25) Is Hiring a Developer Advocate in SF,,,,,https://www.ycombinator.com/companies/manufact/jobs/4cyWd6S-developer-advocate-partnerships-devrel,,,,13 days ago
HN Jobs,Dexter (YC F24) Is Hiring a Founding Engineer in Berlin,,,,,item?id=48744213,,,,13 days ago
HN Jobs,Supabase (YC S20) Is Hiring for Multigres,,,,,https://jobs.ashbyhq.com/supabase/2e718684-4f75-4a99-8d6b-3b6bd44e4228,,,,17 days ago
HN Jobs,Nox Metals (YC S25) Is Hiring SWE,,,,,https://www.ycombinator.com/companies/nox-metals/jobs/M1f1enD-software-engineer,,,,17 days ago
HN Jobs,Hightouch (YC S19) Is Hiring,,,,,https://hightouch.com/careers#open-positions,,,,18 days ago
HN Jobs,Liva AI (YC S25) Is Hiring,,,,,https://www.ycombinator.com/companies/liva-ai/jobs/gvtc3Ep-founding-operations-lead,,,,18 days ago
HN Jobs,Besimple AI (YC P25) Is Hiring,,,,,https://www.ycombinator.com/companies/besimple-ai/jobs/yWfhhOR-strategic-projects-lead-audio-data,,,,19 days ago
HN Jobs,Ashby (YC W19) Is Hiring EMEA Engineers Who Can Design,,,,,https://www.ashbyhq.com/careers?ashby_jid=87b96eef-edc1-4de4-adb6-d460126d02f8&utm_source=hn,,,,20 days ago
HN Jobs,Kyber (YC W23) Is Hiring a Head of Engineering,,,,,https://www.ycombinator.com/companies/kyber/jobs/FGmI8mx-head-of-engineering,,,,22 days ago
HN Jobs,Charge Robotics (YC S21) Is Hiring Software and Hardware Engineers,,,,,https://jobs.ashbyhq.com/charge-robotics,,,,22 days ago
HN Jobs,Wildcard (YC W25) is hiring an applied ML engineer,,,,,https://www.ycombinator.com/companies/wildcard/jobs/SEmo4di-founding-applied-ml-engineer,,,,23 days ago
HN Jobs,"Flexport (YC W14) Is Hiring in Indonesia, India, and Thailand",,,,,https://www.flexport.com/company/careers/,,,,26 days ago
HN Jobs,Trellis AI (YC W24)  hiring a product lead to build agents for healthcare access,,,,,https://www.ycombinator.com/companies/trellis-ai/jobs/Cg94htp-product-lead,,,,27 days ago
HN Jobs,Dalus (YC W25) Is Hiring a Senior Software Engineer in Germany,,,,,https://www.ycombinator.com/companies/dalus/jobs/5IDmKJt-senior-software-frontend-engineer-germany-office,,,,29 days ago
HN Jobs,Hazel (YC W24) Is Hiring a Full Stack Engineer,,,,,https://www.ycombinator.com/companies/hazel-2/jobs/3epPWgu-full-stack-engineer-ts-sci,,,,32 days ago
We Work Remotely,Junior Designer (Part-Time Contract),LooseGrip,New York,,"Contract, $25,000 - $48,999 USD, Anywhere in the World",https://weworkremotely.com/remote-jobs/loosegrip-junior-designer-part-time-contract,,,,
We Work Remotely,Back Office support,Food Service Specialties,worldwide,,"Full-Time, Anywhere in the World",https://weworkremotely.com/remote-jobs/food-service-specialties-back-office-support,,,,
We Work Remotely,Administrative Assistant,Stone & Tile,Chicago,,"Contract, 🇺🇸 United States of America",https://weworkremotely.com/remote-jobs/stone-tile-administrative-assistant,,,,
We Work Remotely,"Coordinator, Virtual Design & Construction",PCL Industrial Management,Edmonton Industrial Management,,Full-Time,https://weworkremotely.com/remote-jobs/pcl-industrial-management-coordinator-virtual-design-construction,,,,
We Work Remotely,Virtual Design & Construction (VDC) Reality Capture Technician (CB),Clark Builders,"Vancouver, BC",,Full-Time,https://weworkremotely.com/remote-jobs/clark-builders-virtual-design-construction-vdc-reality-capture-technician-cb,,,,
We Work Remotely,Senior Design Engineer,GE Vernova,Silverwater,,"Full-Time, Anywhere in the World",https://weworkremotely.com/remote-jobs/ge-vernova-senior-design-engineer,,,,
We Work Remotely,Producer - Human Interface Design,GM,GM Global Technical Center - Sloan Engineering Center,,Full-Time,https://weworkremotely.com/remote-jobs/gm-producer-human-interface-design,,,,
We Work Remotely,Substation Design Lead,Verdantas,Lakewood CO,,Full-Time,https://weworkremotely.com/remote-jobs/verdantas-substation-design-lead,,,,
We Work Remotely,Staff UI/UX Product Designer (USA/EMEA - Remote),Hospitable,"New York, United States",,"Full-Time, $100,000 or more USD, Anywhere in the World",https://weworkremotely.com/remote-jobs/hospitable-staff-ui-ux-product-designer-usa-emea-remote-1,,,,
We Work Remotely,Technology Design Engineer,Worldwide Mission Critical,Remote Worker - United States,,"Full-Time, Anywhere in the World",https://weworkremotely.com/remote-jobs/worldwide-mission-critical-technology-design-engineer,,,,
We Work Remotely,Sales Application Engineer-Switchboards,Faith Technologies,WI - Menasha,,Full-Time,https://weworkremotely.com/remote-jobs/faith-technologies-sales-application-engineer-switchboards,,,,
We Work Remotely,VodafoneThree - Technical Design Authority,Vodafone,United Kingdom,,"Full-Time, Anywhere in the World",https://weworkremotely.com/remote-jobs/vodafone-vodafonethree-technical-design-authority,,,,
We Work Remotely,Manager - Product Design,BrowserStack,Mumbai Remote,,"Full-Time, Anywhere in the World",https://weworkremotely.com/remote-jobs/browserstack-manager-product-design,,,,
We Work Remotely,QA Lead,HugeInc,United States,,"Full-Time, Anywhere in the World",https://weworkremotely.com/remote-jobs/hugeinc-qa-lead,,,,
We Work Remotely,Remote Sales Representative,Credit Joy,Delaware,,"Featured, Full-Time, Anywhere in the World",https://weworkremotely.com/remote-jobs/credit-joy-remote-sales-representative,,,,
We Work Remotely,DevRel - Content Creator,SuperPlane,USA,,"Featured, Full-Time, $100,000 or more USD, Anywhere in the World",https://weworkremotely.com/remote-jobs/superplane-devrel-content-creator,,,,
We Work Remotely,Inside Sales - Account Executive,Credit Wellness LLC,USA,,"Featured, Contract, $75,000 - $99,999 USD, Anywhere in the World",https://weworkremotely.com/remote-jobs/credit-wellness-llc-inside-sales-account-executive,,,,
We Work Remotely,Sales Jedi,Creative Force,Creative Force,,"Featured, Top 100, Full-Time, Anywhere in the World",https://weworkremotely.com/remote-jobs/creative-force-sales-jedi-6,,,,
We Work Remotely,Marketing Quality Lead,Forward Push Law Firm Marketing,United States,,"Boosted, Featured, Full-Time, Anywhere in the World",https://weworkremotely.com/remote-jobs/forward-push-law-firm-marketing-marketing-quality-lead,,,,
We Work Remotely,[EUROPE ONLY] AI Native Performance Marketing Manager – In-House MarTech Video SaaS,Vidalytics,"Austin, TX",,"Featured, Top 100, Full-Time, Anywhere in the World",https://weworkremotely.com/remote-jobs/vidalytics-europe-only-ai-native-performance-marketing-manager-in-house-martech-video-saas,,,,
We Work Remotely,"[EUROPE ONLY]✍️ AI-Native Conversion Copywriter (VSLs, Funnels, Paid Ads) – MarTech Video SaaS",Vidalytics,"Austin, TX",,"Featured, Top 100, Full-Time, Anywhere in the World",https://weworkremotely.com/remote-jobs/vidalytics-europe-only-ai-native-conversion-copywriter-vsls-funnels-paid-ads-martech-video-saas,,,,
We Work Remotely,Remote Inside Sales,Your Resource Group LLC,USA,,"Featured, Contract, $25,000 - $48,999 USD, Anywhere in the World",https://weworkremotely.com/remote-jobs/your-resource-group-llc-remote-inside-sales-1,,,,
We Work Remotely,DACH Community Manager (Events),Binance,"Europe / Global / Ireland, Dublin / United Kingdom, London / Asia / Japan, Tokyo / Hong Kong / Australia, Brisbane / Australia, Melbourne / Australia, Sydney / Estonia, Tallinn / Greece, Athens / India, Bangalore / Philippines, Manila",,"Featured, Full-Time, 🇦🇹 Austria, 🇨🇭 Switzerland, 🇩🇪 Germany",https://weworkremotely.com/remote-jobs/binance-dach-community-manager-events,,,,
We Work Remotely,Senior Engineer - Growth Marketing,Buffer,"United States, California",,"Featured, Full-Time, $100,000 or more USD, Anywhere in the World",https://weworkremotely.com/remote-jobs/buffer-senior-engineer-growth-marketing,,,,
We Work Remotely,Client Success Advisor,SiteCare,"LaGrange, Georgia",,"Full-Time, $75,000 - $99,999 USD, Anywhere in the World",https://weworkremotely.com/remote-jobs/sitecare-client-success-advisor,,,,
We Work Remotely,Senior SEO Specialist,Digital Treasury Pty Ltd,Australia,,"Full-Time, $10,000 - $25,000 USD, Anywhere in the World",https://weworkremotely.com/remote-jobs/digital-treasury-pty-ltd-senior-seo-specialist,,,,
We Work Remotely,Client Delivery Manager,Storyteller,Edinburgh,,"Contract, $75,000 - $99,999 USD, 🇦🇷 Argentina, 🇧🇷 Brazil, 🇨🇴 Colombia, 🇲🇽 Mexico, 🇵🇦 Panama, 🇵🇪 Peru",https://weworkremotely.com/remote-jobs/storyteller-client-delivery-manager,,,,
We Work Remotely,Developer Advocate,Qase,"Delaware, USA",,"Full-Time, $100,000 or more USD, Anywhere in the World",https://weworkremotely.com/remote-jobs/qase-developer-advocate,,,,
We Work Remotely,B2B SaaS PPC Specialist,SimpleTiger LLC,"Sarasota, FL",,"Contract, 🇺🇸 United States of America",https://weworkremotely.com/remote-jobs/simpletiger-llc-b2b-saas-ppc-specialist,,,,
We Work Remotely,AI Native Creative Strategist (Full Funnels Ownership from Ads to LTV),Vidalytics,"Austin, TX",,"Top 100, Full-Time, 🇺🇸 United States of America",https://weworkremotely.com/remote-jobs/vidalytics-ai-native-creative-strategist-full-funnels-ownership-from-ads-to-ltv,,,,
We Work Remotely,AI Native Performance Marketing Manager – In-House MarTech Video SaaS,Vidalytics,"Austin, TX",,"Top 100, Full-Time, 🇺🇸 United States of America",https://weworkremotely.com/remote-jobs/vidalytics-ai-native-performance-marketing-manager-in-house-martech-video-saas,,,,
We Work Remotely,"AI-Native Conversion Copywriter (VSLs, Funnels, Paid Ads) – MarTech Video SaaS",Vidalytics,"Austin, TX",,"Top 100, Full-Time, 🇺🇸 United States of America",https://weworkremotely.com/remote-jobs/vidalytics-ai-native-conversion-copywriter-vsls-funnels-paid-ads-martech-video-saas,,,,
We Work Remotely,Growth Lead,Forager,Los Angeles,,"Full-Time, Anywhere in the World",https://weworkremotely.com/remote-jobs/forager-growth-lead,,,,
We Work Remotely,Performance Marketing Specialist,The CareSide,"Perth, Australia",,"Contract, Anywhere in the World",https://weworkremotely.com/remote-jobs/the-careside-performance-marketing-specialist,,,,
We Work Remotely,Relational Sales Lead,7 Figure Leap,"St Louis, MO",,"Contract, $75,000 - $99,999 USD, Anywhere in the World",https://weworkremotely.com/remote-jobs/7-figure-leap-relational-sales-lead,,,,
We Work Remotely,Content Marketing Coordinator,DesignFiles,Canada,,"Contract, Anywhere in the World",https://weworkremotely.com/remote-jobs/designfiles-content-marketing-coordinator,,,,
We Work Remotely,Client Success Coach (CSM),Impact Clients,"any, California, United States",,"Full-Time, Anywhere in the World",https://weworkremotely.com/remote-jobs/impact-clients-client-success-coach-csm,,,,
We Work Remotely,Senior Google Ads Account Manager - Remote,Lead Ember,"Dubai, UAE",,"Full-Time, $25,000 - $48,999 USD, Anywhere in the World",https://weworkremotely.com/remote-jobs/lead-ember-senior-google-ads-account-manager-remote,,,,
We Work Remotely,Senior Amazon Brand Manager,GNO Partners,USA,,"Full-Time, $100,000 or more USD, Anywhere in the World",https://weworkremotely.com/remote-jobs/gno-partners-senior-amazon-brand-manager-1,,,,
We Work Remotely,Senior Rust Engineer — Production Backend Systems | Remote (LATAM),Toptal,Remote,,"Boosted, Featured, Top 100, Contract, 🇦🇷 Argentina, 🇧🇷 Brazil, 🇨🇱 Chile, 🇨🇴 Colombia, 🇨🇷 Costa Rica, 🇲🇽 Mexico, 🇺🇾 Uruguay",https://weworkremotely.com/remote-jobs/toptal-senior-rust-engineer-production-backend-systems-remote-latam,,,,
We Work Remotely,AI/Platform Engineer — AWS Bedrock Agentcore,Toptal,Remote,,"Boosted, Featured, Top 100, Contract, 🇮🇳 India",https://weworkremotely.com/remote-jobs/toptal-ai-platform-engineer-aws-bedrock-agentcore,,,,
We Work Remotely,QA Automation Engineer — UI & API,Toptal,Remote,,"Boosted, Featured, Top 100, Contract, 🇲🇽 Mexico",https://weworkremotely.com/remote-jobs/toptal-qa-automation-engineer-ui-api,,,,
We Work Remotely,"Senior Full Stack Engineer — Insurtech Platform | Remote, Colombia",Toptal,Remote,,"Boosted, Featured, Top 100, Contract, 🇨🇴 Colombia",https://weworkremotely.com/remote-jobs/toptal-senior-full-stack-engineer-insurtech-platform-remote-colombia,,,,
We Work Remotely,Airtable Process Automation Expert,Toptal,Remote,,"Boosted, Featured, Top 100, Contract, Anywhere in the World",https://weworkremotely.com/remote-jobs/toptal-airtable-process-automation-expert,,,,
We Work Remotely,Senior Data Engineer (Python),Proxify AB,Sweden,,"Boosted, Featured, Top 100, Full-Time, Anywhere in the World",https://weworkremotely.com/remote-jobs/proxify-ab-senior-data-engineer-python,,,,
We Work Remotely,Senior Laravel Developer,Proxify AB,Sweden,,"Boosted, Featured, Top 100, Full-Time, Anywhere in the World",https://weworkremotely.com/remote-jobs/proxify-ab-senior-laravel-developer-8,,,,
We Work Remotely,Senior DevOps Engineer (Azure),Proxify AB,Sweden,,"Boosted, Featured, Top 100, Full-Time, Anywhere in the World",https://weworkremotely.com/remote-jobs/proxify-ab-senior-devops-engineer-azure-6,,,,
We Work Remotely,Senior Python AI Engineer,Proxify AB,Sweden,,"Boosted, Featured, Top 100, Full-Time, Anywhere in the World",https://weworkremotely.com/remote-jobs/proxify-ab-senior-python-ai-engineer-4,,,,
We Work Remotely,Senior Sharepoint Developer,Proxify AB,Sweden,,"Boosted, Featured, Top 100, Full-Time, Anywhere in the World",https://weworkremotely.com/remote-jobs/proxify-ab-senior-sharepoint-developer-5,,,,
We Work Remotely,Entry-Level Crypto Market Specialist,APEX TRADE,,,"Boosted, Featured, Full-Time, $50,000 - $74,999 USD, Anywhere in the World",https://weworkremotely.com/remote-jobs/apex-trade-entry-level-crypto-market-specialist,,,,
We Work Remotely,Remote Data Entry Clerk,NoGigiddy,"Atlanta, Georgia",,"Featured, Top 100, Contract, Anywhere in the World",https://weworkremotely.com/remote-jobs/nogigiddy-remote-data-entry-clerk-7,,,,
We Work Remotely,FT/PT Remote AI Prompt Engineering & Evaluation - Will Train,DataAnnotation.tech,"New York, NY",,"Featured, Contract, North America Only, EMEA Only, Asia Only",https://weworkremotely.com/remote-jobs/dataannotation-tech-ft-pt-remote-ai-prompt-engineering-evaluation-will-train,,,,
We Work Remotely,Junior Crypto Trader (Remote),Atom Partners,Atom Partners,,"Boosted, Featured, Full-Time, $50,000 - $74,999 USD, Anywhere in the World",https://weworkremotely.com/remote-jobs/atom-partners-junior-crypto-trader-remote,,,,
We Work Remotely,AI Engineers,Toptal,Remote,,"Featured, Top 100, Contract, Anywhere in the World",https://weworkremotely.com/remote-jobs/toptal-ai-engineers,,,,
We Work Remotely,Full-stack Engineer / Agentic Coding Tools,Toptal,Remote,,"Featured, Top 100, Contract, Anywhere in the World",https://weworkremotely.com/remote-jobs/toptal-full-stack-engineer-agentic-coding-tools,,,,
We Work Remotely,Remote AI Training - $20/hr - United States,Remote Talent Cloud,"Cheyenne, WY",,"Boosted, Featured, Contract, Anywhere in the World",https://weworkremotely.com/remote-jobs/remote-talent-cloud-remote-ai-training-20-hr-united-states-1,,,,
We Work Remotely,Freelance Writer,ProWriterSites,New York,,"Featured, Contract, Anywhere in the World",https://weworkremotely.com/remote-jobs/prowritersites-freelance-writer,,,,
We Work Remotely,Maths Coach,Mathmo,London,,"Contract, Anywhere in the World",https://weworkremotely.com/remote-jobs/mathmo-maths-coach,,,,
We Work Remotely,Senior Software Engineer - AI Agent Evaluation,Mindrift,Canada,,"Full-Time, Anywhere in the World",https://weworkremotely.com/remote-jobs/mindrift-senior-software-engineer-ai-agent-evaluation,,,,
We Work Remotely,"Undergrad Student - Remote, Part time, flexible hours - Assistant and Content Manager",True Publicity,"Boulder, Colorado",,"Contract, $25,000 - $48,999 USD, Anywhere in the World",https://weworkremotely.com/remote-jobs/true-publicity-undergrad-student-remote-part-time-flexible-hours-assistant-and-content-manager,,,,
We Work Remotely,Mid/Senior AI Cinematic Video Editor (Full Remote - Worldwide),EverAI,Malta,,"Full-Time, $75,000 - $99,999 USD, Anywhere in the World",https://weworkremotely.com/remote-jobs/everai-mid-senior-ai-cinematic-video-editor-full-remote-worldwide,,,,
We Work Remotely,Executive Director,"Motivational Interviewing Network of Trainers, Incorporated",United States,,"Full-Time, $75,000 - $99,999 USD, Anywhere in the World",https://weworkremotely.com/remote-jobs/motivational-interviewing-network-of-trainers-incorporated-executive-director,,,,
We Work Remotely,HR Professional – Career Transition Opportunity (Remote),Inspiring Lives Today,"Perth, Western Australia",,"Boosted, Contract, Anywhere in the World",https://weworkremotely.com/remote-jobs/inspiring-lives-today-hr-professional-career-transition-opportunity-remote,,,,
We Work Remotely,Campaign Coordinator,Rutherford MP,Las Vegas,,"Boosted, Full-Time, $25,000 - $48,999 USD, Anywhere in the World",https://weworkremotely.com/remote-jobs/rutherford-mp-campaign-coordinator,,,,
We Work Remotely,Senior Java Backend Developer,Proxify AB,Sweden,,"Boosted, Featured, Top 100, Full-Time, Anywhere in the World",https://weworkremotely.com/remote-jobs/proxify-ab-senior-java-backend-developer,,,,
We Work Remotely,Senior Ruby on Rails Developer,Proxify AB,Sweden,,"Boosted, Featured, Top 100, Full-Time, Anywhere in the World",https://weworkremotely.com/remote-jobs/proxify-ab-senior-ruby-on-rails-developer-3,,,,
We Work Remotely,Senior Backend Developer (Python),Proxify AB,Sweden,,"Boosted, Featured, Top 100, Full-Time, Anywhere in the World",https://weworkremotely.com/remote-jobs/proxify-ab-senior-backend-developer-python-8,,,,
We Work Remotely,"AI Automation Engineer, In-House MarTech Video SaaS",Vidalytics,"Austin, TX",,"Featured, Top 100, Full-Time, Anywhere in the World",https://weworkremotely.com/remote-jobs/vidalytics-ai-automation-engineer-in-house-martech-video-saas,,,,
We Work Remotely,Full Stack AI Engineer,Reveleer,United States,,"Featured, Full-Time, $100,000 or more USD, Anywhere in the World",https://weworkremotely.com/remote-jobs/reveleer-full-stack-ai-engineer,,,,
We Work Remotely,AI Research Engineer,Tether,El Salvador,,"Featured, Full-Time, Anywhere in the World",https://weworkremotely.com/remote-jobs/tether-ai-research-engineer,,,,
We Work Remotely,Staff Software Engineer (Magic Containers),bunny.net,Slovenia,,"Full-Time, $100,000 or more USD, Anywhere in the World",https://weworkremotely.com/remote-jobs/bunny-net-staff-software-engineer-magic-containers,,,,
We Work Remotely,Web Developer (Remote),MRIoA,"Salt Lake City, Utah, United States",,Full-Time,https://weworkremotely.com/remote-jobs/mrioa-web-developer-remote,,,,
We Work Remotely,Web Developer (BigCommerce Experience Required),Remote VA,"Central Luzon, Philippines",,"Full-Time, Anywhere in the World",https://weworkremotely.com/remote-jobs/remote-va-web-developer-bigcommerce-experience-required,,,,
We Work Remotely,Web Developer & AI Specialist,Remote VA,"Central Luzon, Philippines",,Full-Time,https://weworkremotely.com/remote-jobs/remote-va-web-developer-ai-specialist,,,,
We Work Remotely,Web Development Intern,Solar Secure Solutions,"Bangalore, India",,Full-Time,https://weworkremotely.com/remote-jobs/solar-secure-solutions-web-development-intern,,,,
We Work Remotely,Senior Web Developer,1Password,Remote (United States | Canada),,"Full-Time, Anywhere in the World",https://weworkremotely.com/remote-jobs/1password-senior-web-developer,,,,
We Work Remotely,Senior Frontend Developer (React.js / Next.js),Proxify AB,Sweden,,"Boosted, Featured, Top 100, Full-Time, Anywhere in the World",https://weworkremotely.com/remote-jobs/proxify-ab-senior-frontend-developer-react-js-next-js-1,,,,
We Work Remotely,Senior .NET Web Developer,Atcom,"Athens, Attica, Greece",,Full-Time,https://weworkremotely.com/remote-jobs/atcom-senior-net-web-developer,,,,
We Work Remotely,Site Reliability Engineer,ALIQAN Technologies,Noida,,Full-Time,https://weworkremotely.com/remote-jobs/aliqan-technologies-site-reliability-engineer,,,,
We Work Remotely,Technical Solutions Engineer/Web Developer,KAI Partners,Remote,,"Full-Time, Anywhere in the World",https://weworkremotely.com/remote-jobs/kai-partners-technical-solutions-engineer-web-developer,,,,
We Work Remotely,Freelance Web Designer,Mindrift,Canada,,"Full-Time, Anywhere in the World",https://weworkremotely.com/remote-jobs/mindrift-freelance-web-designer,,,,
We Work Remotely,"Senior Software Engineer, Web",Speechify Inc,Florida,,"Contract, $100,000 or more USD, Anywhere in the World",https://weworkremotely.com/remote-jobs/speechify-inc-senior-software-engineer-web-1,,,,
We Work Remotely,Frontend Web Developer React/Typescript (Remote),Zensors,"California, San Francisco, United States Of America",,Full-Time,https://weworkremotely.com/remote-jobs/zensors-frontend-web-developer-react-typescript-remote,,,,
We Work Remotely,"EIT - Civil - Anchorage, AK",Kuna,Anchorage,,Full-Time,https://weworkremotely.com/remote-jobs/kuna-eit-civil-anchorage-ak,,,,
We Work Remotely,SDET / Automated QA Engineer- Seattle WA,AHU Technologies,Fully Remote - US,,"Full-Time, Anywhere in the World",https://weworkremotely.com/remote-jobs/ahu-technologies-sdet-automated-qa-engineer-seattle-wa,,,,
We Work Remotely,UI/UX Website Designer (copy),Drivetrain,India,,"Full-Time, Anywhere in the World",https://weworkremotely.com/remote-jobs/drivetrain-ui-ux-website-designer-copy,,,,
We Work Remotely,Website Designer,Pavago,South Africa,,"Full-Time, Anywhere in the World",https://weworkremotely.com/remote-jobs/pavago-website-designer,,,,
We Work Remotely,Data Analyst/ Curam,AHU Technologies,Fully Remote - US,,"Full-Time, Anywhere in the World",https://weworkremotely.com/remote-jobs/ahu-technologies-data-analyst-curam,,,,
We Work Remotely,Graphic & Web Designer,Bnk To The Future,"Your Laptop!, Remote, Philippines",,Full-Time,https://weworkremotely.com/remote-jobs/bnk-to-the-future-graphic-web-designer,,,,
We Work Remotely,Senior Fullstack Developer (React.js / Node.js),Proxify AB,Sweden,,"Boosted, Featured, Top 100, Full-Time, Anywhere in the World",https://weworkremotely.com/remote-jobs/proxify-ab-senior-fullstack-developer-react-js-node-js-2,,,,
We Work Remotely,Senior QA Engineer,Cortes 23,Remote,,"Featured, Full-Time, Anywhere in the World",https://weworkremotely.com/remote-jobs/cortes-23-senior-qa-engineer-2,,,,
We Work Remotely,Full-Stack Product Engineer - Agentic First,Wonderdog,Los Angeles,,"Boosted, Featured, Full-Time, $100,000 or more USD, 🇨🇦 Canada, 🇺🇸 United States of America",https://weworkremotely.com/remote-jobs/wonderdog-full-stack-product-engineer-agentic-first,,,,
We Work Remotely,[EUROPE ONLY] GTM MarTech Engineer (Growth & Attribution) at Video MarTech SaaS,Vidalytics,"Austin, TX",,"Featured, Top 100, Full-Time, Anywhere in the World",https://weworkremotely.com/remote-jobs/vidalytics-europe-only-gtm-martech-engineer-growth-attribution-at-video-martech-saas,,,,
We Work Remotely,Senior React Full-stack Developer,Lemon.io,"New York, NY",,"Boosted, Featured, Top 100, Full-Time, 🇦🇩 Andorra, 🇦🇱 Albania, 🇦🇷 Argentina, 🇦🇹 Austria, 🇦🇺 Australia, 🇧🇦 Bosnia and Herzegovina, 🇧🇪 Belgium, 🇧🇬 Bulgaria, 🇧🇴 Bolivia (Plurinational State of), 🇧🇷 Brazil, 🇧🇿 Belize, 🇨🇦 Canada, 🇨🇭 Switzerland, 🇨🇱 Chile, 🇨🇴 Colombia, 🇨🇷 Costa Rica, 🇨🇾 Cyprus, 🇨🇿 Czechia, 🇩🇪 Germany, 🇩🇰 Denmark, 🇩🇴 Dominican Republic, 🇪🇨 Ecuador, 🇪🇪 Estonia, 🇪🇸 Spain, 🇫🇮 Finland, 🇫🇷 France, 🇬🇧 United Kingdom of Great Britain and Northern Ireland, 🇬🇷 Greece, 🇬🇹 Guatemala, 🇭🇳 Honduras, 🇭🇷 Croatia, 🇭🇹 Haiti, 🇮🇩 Indonesia, 🇮🇪 Ireland, 🇮🇱 Israel, 🇮🇹 Italy, 🇯🇲 Jamaica, 🇯🇵 Japan, 🇰🇷 Korea (Republic of), 🇱🇹 Lithuania, 🇱🇺 Luxembourg, 🇱🇻 Latvia, 🇲🇦 Morocco, 🇲🇩 Moldova (Republic of), 🇲🇪 Montenegro, 🇲🇰 North Macedonia, 🇲🇹 Malta, 🇲🇽 Mexico, 🇲🇾 Malaysia, 🇳🇱 Netherlands, 🇳🇴 Norway, 🇳🇿 New Zealand, 🇵🇦 Panama, 🇵🇪 Peru, 🇵🇬 Papua New Guinea, 🇵🇭 Philippines, 🇵🇱 Poland, 🇵🇷 Puerto Rico, 🇵🇹 Portugal, 🇵🇾 Paraguay, 🇷🇴 Romania, 🇸🇪 Sweden, 🇸🇬 Singapore, 🇸🇮 Slovenia, 🇸🇰 Slovakia, 🇸🇻 El Salvador, 🇹🇭 Thailand, 🇺🇦 Ukraine, 🇺🇸 United States of America, 🇺🇾 Uruguay, 🇻🇳 Viet Nam, 🇿🇦 South Africa",https://weworkremotely.com/remote-jobs/lemon-io-senior-react-full-stack-developer-5,,,,
We Work Remotely,Senior Fullstack Developer (Python),Proxify AB,Sweden,,"Boosted, Featured, Top 100, Full-Time, Anywhere in the World",https://weworkremotely.com/remote-jobs/proxify-ab-senior-fullstack-developer-python-3,,,,
We Work Remotely,Senior Independent AI Engineer / Architect,A.Team,NYC and TLV,,"Contract, Anywhere in the World",https://weworkremotely.com/remote-jobs/a-team-senior-independent-ai-engineer-architect,,,,
We Work Remotely,Senior Independent Software Developer ($90-$170/hr),A.Team,NYC and TLV,,"Contract, Anywhere in the World",https://weworkremotely.com/remote-jobs/a-team-senior-independent-software-developer-90-170-hr,,,,
We Work Remotely,Senior Shopify Developer (Remote + Flexible),Storetasker,"Brooklyn, NY",,"Contract, Anywhere in the World",https://weworkremotely.com/remote-jobs/storetasker-senior-shopify-developer-remote-flexible-3,,,,
We Work Remotely,Software engineer,Sticker Mule,"New York, NY",,"Boosted, Top 100, Full-Time, $100,000 or more USD, Anywhere in the World",https://weworkremotely.com/remote-jobs/sticker-mule-software-engineer-3,,,,
We Work Remotely,Senior Software Engineer,RETR,Remote,,"Full-Time, $100,000 or more USD, 🇺🇸 United States of America",https://weworkremotely.com/remote-jobs/retr-senior-software-engineer,,,,
We Work Remotely,Lead Product Designer (Crypto Exchange),Hyphen Connect Limited,Malaysia,,"Full-Time, Anywhere in the World",https://weworkremotely.com/remote-jobs/hyphen-connect-limited-lead-product-designer-crypto-exchange,,,,
We Work Remotely,(fluent German & English) L1 Customer Support Consultant (EU Remote),Supportyourapp,"Prešov, Prešov Region, Slovakia",,"Full-Time, Anywhere in the World",https://weworkremotely.com/remote-jobs/supportyourapp-fluent-german-english-l1-customer-support-consultant-eu-remote-1,,,,
We Work Remotely,(fluent German & English) L1 Customer Support Consultant (EU Remote),Supportyourapp,"Prešov, Prešov Region, Slovakia",,"Full-Time, Anywhere in the World",https://weworkremotely.com/remote-jobs/supportyourapp-fluent-german-english-l1-customer-support-consultant-eu-remote-1,,,,
We Work Remotely,(fluent German & English) L1 Customer Support Consultant (EU Remote),Supportyourapp,"Prešov, Prešov Region, Slovakia",,"Full-Time, Anywhere in the World",https://weworkremotely.com/remote-jobs/supportyourapp-fluent-german-english-l1-customer-support-consultant-eu-remote,,,,
We Work Remotely,(Native Finnish) Customer Support Consultant (remotely),Supportyourapp,"Prešov, Prešov Region, Slovakia",,"Full-Time, Anywhere in the World",https://weworkremotely.com/remote-jobs/supportyourapp-native-finnish-customer-support-consultant-remotely,,,,
We Work Remotely,(Native Swedish) Customer Support Consultant (remotely),Supportyourapp,"Prešov, Prešov Region, Slovakia",,"Full-Time, Anywhere in the World",https://weworkremotely.com/remote-jobs/supportyourapp-native-swedish-customer-support-consultant-remotely,,,,
We Work Remotely,(Native Danish) Customer Support Consultant (remotely),Supportyourapp,"Prešov, Prešov Region, Slovakia",,"Full-Time, Anywhere in the World",https://weworkremotely.com/remote-jobs/supportyourapp-native-danish-customer-support-consultant-remotely,,,,
We Work Remotely,Product Marketing - Agents,Elevenlabs,United Kingdom,,"Full-Time, Anywhere in the World",https://weworkremotely.com/remote-jobs/elevenlabs-product-marketing-agents,,,,
We Work Remotely,"Product / Technical Project Manager (100% Remote, Worldwide)",Holepunch,"Milan, 25, Italy",,"Full-Time, Anywhere in the World",https://weworkremotely.com/remote-jobs/holepunch-product-technical-project-manager-100-remote-worldwide,,,,
We Work Remotely,Lead Full-stack Developer (Full-Time Remote Contractor),Khibraty,"Amman, Amman Governorate, Jordan",,"Full-Time, Anywhere in the World",https://weworkremotely.com/remote-jobs/khibraty-lead-full-stack-developer-full-time-remote-contractor,,,,
We Work Remotely,Product Manager / QA Analyst (Full-Time Remote Contractor),Khibraty,"Amman, Amman Governorate, Jordan",,"Full-Time, Anywhere in the World",https://weworkremotely.com/remote-jobs/khibraty-product-manager-qa-analyst-full-time-remote-contractor,,,,
We Work Remotely,Developer Product Marketing Lead,Openrouter,Remote (US),,"Full-Time, Anywhere in the World",https://weworkremotely.com/remote-jobs/openrouter-developer-product-marketing-lead,,,,
We Work Remotely,"Product Manager, Mapping and Weather Visualization",Accuweather Careers,"State College, PA",,"Full-Time, Anywhere in the World",https://weworkremotely.com/remote-jobs/accuweather-careers-product-manager-mapping-and-weather-visualization,,,,
We Work Remotely,Full-Stack Developer (React + AWS),Base.com,"Gdańsk, Pomeranian Voivodeship, Poland",,"Full-Time, Anywhere in the World",https://weworkremotely.com/remote-jobs/base-com-full-stack-developer-react-aws,,,,
We Work Remotely,Customer Support Specialist,Select Saunas,"Casper, WY",,"Featured, Full-Time, $25,000 - $48,999 USD, Anywhere in the World",https://weworkremotely.com/remote-jobs/select-saunas-customer-support-specialist,,,,
We Work Remotely,Customer Support Agent (Remote),CRAE GROUP LTD,Cyprus,,"Featured, Full-Time, $10,000 - $25,000 USD, 🇧🇬 Bulgaria, 🇨🇾 Cyprus, 🇪🇪 Estonia, 🇭🇺 Hungary, 🇱🇹 Lithuania, 🇱🇻 Latvia, 🇵🇱 Poland, 🇷🇴 Romania, 🇷🇸 Serbia, 🇸🇰 Slovakia, 🇺🇦 Ukraine",https://weworkremotely.com/remote-jobs/crae-group-ltd-customer-support-agent-remote,,,,
We Work Remotely,Entry-Level Account Manager,NoGigiddy,"Atlanta, Georgia",,"Featured, Top 100, Contract, Anywhere in the World",https://weworkremotely.com/remote-jobs/nogigiddy-entry-level-account-manager-4,,,,
We Work Remotely,Remote Customer Support - $20/hr - United States,Remote Talent Cloud,"Cheyenne, WY",,"Boosted, Featured, Contract, Anywhere in the World",https://weworkremotely.com/remote-jobs/remote-talent-cloud-remote-customer-support-20-hr-united-states-5,,,,
We Work Remotely,Technical Customer Support Specialist,Qase,"Delaware, USA",,"Full-Time, $10,000 - $25,000 USD, Anywhere in the World",https://weworkremotely.com/remote-jobs/qase-technical-customer-support-specialist,,,,
We Work Remotely,Community Manager,creatorXchange,"Bentonville, AR",,"Full-Time, $25,000 - $48,999 USD, 🇧🇷 Brazil, 🇨🇦 Canada, 🇨🇴 Colombia, 🇬🇧 United Kingdom of Great Britain and Northern Ireland, 🇲🇽 Mexico, 🇺🇸 United States of America",https://weworkremotely.com/remote-jobs/creatorxchange-community-manager,,,,
We Work Remotely,Travel Coordinator,Cranky Concierge,"Long Beach, CA",,"Full-Time, $25,000 - $48,999 USD, 🇺🇸 United States of America",https://weworkremotely.com/remote-jobs/cranky-concierge-travel-coordinator,,,,
We Work Remotely,"Support Engineer, WordPress VIP",Automattic,Remote,,"Top 100, Full-Time, 🇺🇸 United States of America",https://weworkremotely.com/remote-jobs/automattic-support-engineer-wordpress-vip,,,,
We Work Remotely,"SaaS Product Support Jedi – Remote, Europe",Creative Force,Creative Force,,"Top 100, Full-Time, Anywhere in the World",https://weworkremotely.com/remote-jobs/creative-force-saas-product-support-jedi-remote-europe,,,,
We Work Remotely,Freelancer im Inbound Customer Service - innerhalb der EU - 100% Remote - Deutsch C1/C2,hey contact heroes GmbH,Germany Hamburg,,"Contract, Anywhere in the World",https://weworkremotely.com/remote-jobs/hey-contact-heroes-gmbh-freelancer-im-inbound-customer-service-innerhalb-der-eu-100,,,,
We Work Remotely,Customer Success Engineer,Automattic,Remote,,"Top 100, Full-Time, $100,000 or more USD, 🇺🇸 United States of America",https://weworkremotely.com/remote-jobs/automattic-customer-success-engineer,,,,
We Work Remotely,SaaS Project/Marketing Manager,BlueBox,UK,,"Full-Time, $10,000 - $25,000 USD, Anywhere in the World",https://weworkremotely.com/remote-jobs/bluebox-saas-project-marketing-manager,,,,
We Work Remotely,The Podcast Consultant | Account Manager (Full-Time Contract),The Podcast Consultant,United States,,"Contract, $50,000 - $74,999 USD, Anywhere in the World",https://weworkremotely.com/remote-jobs/the-podcast-consultant-the-podcast-consultant-account-manager-full-time-contract,,,,
We Work Remotely,Customer Happiness Advocate (Remote - Canad),Turtles,Finland,,"Full-Time, 🇨🇦 Canada",https://weworkremotely.com/remote-jobs/turtles-customer-happiness-advocate-remote-canad,,,,
We Work Remotely,🤝 Developer Relations & Customer Success Manager | Maps Platform (Remote in Europe),MapTiler,"Zug, Switzerland",,"Full-Time, $50,000 - $74,999 USD, 🇦🇩 Andorra, 🇦🇱 Albania, 🇦🇲 Armenia, 🇦🇹 Austria, 🇦🇿 Azerbaijan, 🇧🇦 Bosnia and Herzegovina, 🇧🇪 Belgium, 🇧🇬 Bulgaria, 🇧🇾 Belarus, 🇨🇭 Switzerland, 🇨🇾 Cyprus, 🇨🇿 Czechia, 🇩🇪 Germany, 🇩🇰 Denmark, 🇪🇪 Estonia, 🇪🇸 Spain, 🇫🇮 Finland, 🇫🇷 France, 🇬🇧 United Kingdom of Great Britain and Northern Ireland, 🇬🇪 Georgia, 🇬🇷 Greece, 🇭🇷 Croatia, 🇭🇺 Hungary, 🇮🇪 Ireland, 🇮🇸 Iceland, 🇮🇹 Italy, 🇰🇿 Kazakhstan, 🇱🇮 Liechtenstein, 🇱🇹 Lithuania, 🇱🇺 Luxembourg, 🇱🇻 Latvia, 🇲🇨 Monaco, 🇲🇩 Moldova (Republic of), 🇲🇪 Montenegro, 🇲🇰 North Macedonia, 🇲🇹 Malta, 🇳🇱 Netherlands, 🇳🇴 Norway, 🇵🇱 Poland, 🇵🇹 Portugal, 🇷🇴 Romania, 🇷🇸 Serbia, 🇸🇪 Sweden, 🇸🇮 Slovenia, 🇸🇰 Slovakia, 🇸🇲 San Marino, 🇺🇦 Ukraine",https://weworkremotely.com/remote-jobs/maptiler-developer-relations-customer-success-manager-maps-platform-remote-in-europe,,,,
We Work Remotely,Project Manager - Microsoft Dynamics 365 CRM & Field Service (Fully Remote / FTE),NTT Data,,,"Full-Time, Anywhere in the World",https://weworkremotely.com/remote-jobs/ntt-data-project-manager-microsoft-dynamics-365-crm-field-service-fully-remote,,,,
We Work Remotely,CRM Manager / GTM Systems Manager (m/w/d),TKD Solutions,"Langenfeld (Rheinland), NORDRHEIN_WESTFALEN, 40764, Germany",,Full-Time,https://weworkremotely.com/remote-jobs/tkd-solutions-crm-manager-gtm-systems-manager-m-w-d,,,,
We Work Remotely,Junior Marketing Specialist,Entrepreneur Cooperative,Remote,,"Full-Time, Anywhere in the World",https://weworkremotely.com/remote-jobs/entrepreneur-cooperative-junior-marketing-specialist,,,,
We Work Remotely,Customer Service Associate,Entrepreneur Cooperative,Remote,,"Full-Time, Anywhere in the World",https://weworkremotely.com/remote-jobs/entrepreneur-cooperative-customer-service-associate,,,,
We Work Remotely,Business & CRM Analyst | Remote,Sonova International,Mexico,,"Full-Time, Anywhere in the World",https://weworkremotely.com/remote-jobs/sonova-international-business-crm-analyst-remote-1,,,,
We Work Remotely,Affiliate & Brand Account Manager,Bottle Nexus,"Santee, California, United States",,"Full-Time, Anywhere in the World",https://weworkremotely.com/remote-jobs/bottle-nexus-affiliate-brand-account-manager,,,,
We Work Remotely,"Director, Client Success",Ventra Health,"Remote, U.S.A",,"Full-Time, Anywhere in the World",https://weworkremotely.com/remote-jobs/ventra-health-director-client-success-1,,,,
We Work Remotely,Staff Product Engineer,Attio,London,,Full-Time,https://weworkremotely.com/remote-jobs/attio-staff-product-engineer,,,,
We Work Remotely,Banco de Talentos | Analista de QA JR/PL/SR,Sottelli,"Campinas, SP, Brazil",,Full-Time,https://weworkremotely.com/remote-jobs/sottelli-banco-de-talentos-analista-de-qa-jr-pl-sr,,,,
We Work Remotely,CRM Lifecycle Manager (m/w/d) // remote möglich,E. Breuninger & Co.,"Stuttgart, Baden-Württemberg, Deutschland",,Full-Time,https://weworkremotely.com/remote-jobs/e-breuninger-co-crm-lifecycle-manager-m-w-d-remote-moglich,,,,
We Work Remotely,Senior Product Manager,Toggl,"Tallinn, Estonia",,"Featured, Top 100, Full-Time, $75,000 - $99,999 USD, Anywhere in the World",https://weworkremotely.com/remote-jobs/toggl-senior-product-manager-4,,,,
We Work Remotely,Staff Product Manager,Fortis Games,- United States,,"Full-Time, Anywhere in the World",https://weworkremotely.com/remote-jobs/fortis-games-staff-product-manager,,,,
We Work Remotely,"Product Manager, Climate Services",Accuweather Careers,"State College, PA",,"Full-Time, Anywhere in the World",https://weworkremotely.com/remote-jobs/accuweather-careers-product-manager-climate-services,,,,
We Work Remotely,"Senior/Lead Product Manager, Agentic AI Platform",Qventus,"Remote, United States",,"Full-Time, Anywhere in the World",https://weworkremotely.com/remote-jobs/qventus-senior-lead-product-manager-agentic-ai-platform,,,,
We Work Remotely,Senior Engagement Manager,Intapp,"Charlotte, NC",,Full-Time,https://weworkremotely.com/remote-jobs/intapp-senior-engagement-manager,,,,
We Work Remotely,VP - Customer Success & Account Management - SaaS,TourCC,Remote,,"Full-Time, Anywhere in the World",https://weworkremotely.com/remote-jobs/tourcc-vp-customer-success-account-management-saas,,,,
We Work Remotely,Forward Deployed Engineer (Agentic AI),Rimini Street,Remote Singapore,,"Full-Time, Anywhere in the World",https://weworkremotely.com/remote-jobs/rimini-street-forward-deployed-engineer-agentic-ai,,,,
We Work Remotely,Technical Partnerships Manager,Origami Risk,"Remote, United States",,"Full-Time, Anywhere in the World",https://weworkremotely.com/remote-jobs/origami-risk-technical-partnerships-manager,,,,
We Work Remotely,"Sr. Support Engineer, EBS",Rimini Street,Remote Singapore,,"Full-Time, Anywhere in the World",https://weworkremotely.com/remote-jobs/rimini-street-sr-support-engineer-ebs,,,,
We Work Remotely,"Senior Business Development Representative (3+ years, B2B SaaS Sales)",Docsumo,"Bangalore, Karnataka",,Full-Time,https://weworkremotely.com/remote-jobs/docsumo-senior-business-development-representative-3-years-b2b-saas-sales,,,,
We Work Remotely,"Senior SQL Database Administrator DBA (Brazil, Remote)",NPS Prism,Remote,,"Full-Time, Anywhere in the World",https://weworkremotely.com/remote-jobs/nps-prism-senior-sql-database-administrator-dba-brazil-remote,,,,
We Work Remotely,(Senior) Full-Stack Engineer (Remote),blended.io,"Berlin, Berlin, Germany",,Full-Time,https://weworkremotely.com/remote-jobs/blended-io-senior-full-stack-engineer-remote,,,,
We Work Remotely,Senior Software Engineer,Mercury Insurance Services,"Remote, United States",,"Full-Time, Anywhere in the World",https://weworkremotely.com/remote-jobs/mercury-insurance-services-senior-software-engineer,,,,
We Work Remotely,Senior DevOps Engineer,Qualifyze,"Passeig de Gràcia 19 Barcelona, Connecticut, 08007 Spain",,"Full-Time, Anywhere in the World",https://weworkremotely.com/remote-jobs/qualifyze-senior-devops-engineer,,,,
We Work Remotely,Mac MSP Help Desk Guru (work from home),"Ignition, Inc.",ignitionit.com,,"Full-Time, $50,000 - $74,999 USD, Anywhere in the World",https://weworkremotely.com/remote-jobs/ignition-inc-mac-msp-help-desk-guru-work-from-home,,,,
We Work Remotely,Site Reliability Engineer (SRE),Bright Vision Technologies,"Toronto, Canada",,Full-Time,https://weworkremotely.com/remote-jobs/bright-vision-technologies-site-reliability-engineer-sre,,,,
We Work Remotely,DevOps SRE - Senior or Lead (Remote Eligible),Southwest Power Pool,"Little Rock, Arkansas, 72223, United States",,Full-Time,https://weworkremotely.com/remote-jobs/southwest-power-pool-devops-sre-senior-or-lead-remote-eligible,,,,
We Work Remotely,DevOps & Platform Engineer (AWS / CI/CD),Agilent Technologies,"Santa Clara, California",,"Full-Time, Anywhere in the World",https://weworkremotely.com/remote-jobs/agilent-technologies-devops-platform-engineer-aws-ci-cd,,,,
We Work Remotely,DevOps Engineer - Midnight Foundation,IO Global,India,,"Full-Time, Anywhere in the World",https://weworkremotely.com/remote-jobs/io-global-devops-engineer-midnight-foundation,,,,
We Work Remotely,DevOps Engineer,AssureSoft,LATAM,,"Full-Time, Anywhere in the World",https://weworkremotely.com/remote-jobs/assuresoft-devops-engineer,,,,
We Work Remotely,DevOps Engineer Mobile,Air Apps,Amsterdam,,Full-Time,https://weworkremotely.com/remote-jobs/air-apps-devops-engineer-mobile,,,,
We Work Remotely,581321 DevOps Engineer Testing (all genders),Philips Deutschland,"Böblingen, BADEN_WUERTTEMBERG, 71034, Germany",,Full-Time,https://weworkremotely.com/remote-jobs/philips-deutschland-581321-devops-engineer-testing-all-genders,,,,
We Work Remotely,"Sales Engineer (Remote, US Based)",Liquibase,Remote,,"Full-Time, Anywhere in the World",https://weworkremotely.com/remote-jobs/liquibase-sales-engineer-remote-us-based,,,,
We Work Remotely,DevOps Engineer,Aura,Remote Poland,,"Full-Time, Anywhere in the World",https://weworkremotely.com/remote-jobs/aura-devops-engineer,,,,
We Work Remotely,Senior InfoSec Engineer (SecDevOps) - (REMOTE),Charles River,India,,Full-Time,https://weworkremotely.com/remote-jobs/charles-river-senior-infosec-engineer-secdevops-remote,,,,
We Work Remotely,IT - Infrastructure Systems - DevOps Engineer II (Remote in CA only),Golden 1 Credit Union,"8945 Cal Center Dr, Sacramento, CA 95826, USA",,Full-Time,https://weworkremotely.com/remote-jobs/golden-1-credit-union-it-infrastructure-systems-devops-engineer-ii-remote-in-ca,,,,
We Work Remotely,DevOps Engineer REF1752R (m/f/d),Deutsche Telekom IT Solutions Slovakia,"Moldavská cesta, 040 11 Košice, Slovakia",,Full-Time,https://weworkremotely.com/remote-jobs/deutsche-telekom-it-solutions-slovakia-devops-engineer-ref1752r-m-f-d,,,,
We Work Remotely,Senior Sales Engineer - Delphix,Perforce,Argentina / Santiago,,"Full-Time, Anywhere in the World",https://weworkremotely.com/remote-jobs/perforce-senior-sales-engineer-delphix,,,,
We Work Remotely,Working Student (m/f/d) DevOps – Software Development,Bruker Corporation,"Ettlingen, Baden-Württemberg, Germany",,Full-Time,https://weworkremotely.com/remote-jobs/bruker-corporation-working-student-m-f-d-devops-software-development,,,,
We Work Remotely,Business Analyst,Elite Software Automation,Virtual,,"Boosted, Featured, Full-Time, $100,000 or more USD, Anywhere in the World",https://weworkremotely.com/remote-jobs/elite-software-automation-business-analyst-2,,,,
We Work Remotely,Project Manager,Spiralyze,"Atlanta, Georgia",,"Full-Time, Anywhere in the World",https://weworkremotely.com/remote-jobs/spiralyze-project-manager-1,,,,
We Work Remotely,Client Success Coach (CSM),Impact Clients,"any, California, United States",,"Full-Time, Anywhere in the World",https://weworkremotely.com/remote-jobs/impact-clients-client-success-coach-csm-1,,,,
We Work Remotely,Financial Accountant,Harris Global Business Services,Remote - GBS PHL MNL,,"Full-Time, Anywhere in the World",https://weworkremotely.com/remote-jobs/harris-global-business-services-financial-accountant,,,,
We Work Remotely,Oracle Services - Oracle Cloud Finance - Manager - Tech Cons - Open Location,EY Studio+ Nederland,Anywhere in Country,,Full-Time,https://weworkremotely.com/remote-jobs/ey-studio-nederland-oracle-services-oracle-cloud-finance-manager-tech-cons,,,,
We Work Remotely,"Manager, Credit Card Business Strategy (Remote)",Snap Finance,Illinois,,Full-Time,https://weworkremotely.com/remote-jobs/snap-finance-manager-credit-card-business-strategy-remote,,,,
We Work Remotely,Account Manager II,FIS Capital Markets,US IN CPT 2020 Virtual-Eastern Time,,"Full-Time, Anywhere in the World",https://weworkremotely.com/remote-jobs/fis-capital-markets-account-manager-ii,,,,
We Work Remotely,Workday Financials Analyst Consultant (Global Delivery Center),Collaborative Solutions,PHL - Manila - Remote,,"Full-Time, Anywhere in the World",https://weworkremotely.com/remote-jobs/collaborative-solutions-workday-financials-analyst-consultant-global-delivery-center,,,,
We Work Remotely,Marketing Automation SaaS + Services Line of Business Owner,New Law Business Model,"Boulder, CO",,"Full-Time, Anywhere in the World",https://weworkremotely.com/remote-jobs/new-law-business-model-marketing-automation-saas-services-line-of-business-owner,,,,
We Work Remotely,"Commercial Lines (w Eldercare Facilities), Account Executive/Sr. (East Coast remote)",NFP,"Wilmington, North Carolina, 28403, United States",,Full-Time,https://weworkremotely.com/remote-jobs/nfp-commercial-lines-w-eldercare-facilities-account-executive-sr-east-coast-remote,,,,
We Work Remotely,Inside Sales Representative,Wesley Finance Group,Remote,,"Full-Time, Anywhere in the World",https://weworkremotely.com/remote-jobs/wesley-finance-group-inside-sales-representative,,,,
We Work Remotely,Oracle Functional Financials Architect,R-Cubed Consulting,"Dallas, Texas, United States",,Full-Time,https://weworkremotely.com/remote-jobs/r-cubed-consulting-oracle-functional-financials-architect,,,,
We Work Remotely,"Vice President, Finance",goop,Remote; Various Locations,,"Full-Time, Anywhere in the World",https://weworkremotely.com/remote-jobs/goop-vice-president-finance,,,,
We Work Remotely,Performance Copywriter,MailerLite,USA,,"Top 100, Full-Time, $50,000 - $74,999 USD, Anywhere in the World",https://weworkremotely.com/remote-jobs/mailerlite-performance-copywriter-1,,,,
